,SubCategory,Block,Phase,Category,Category_number
0,A1,Warm Up,Base,A,1
1,A1,Posture,Base,A,1
2,A1,Sprint Reaction,Base,A,1
3,A1,Wall Drills,Base,A,1
4,A1,10×20m Reaction Starts,,A,
5,A1,Hips,Base,A,1
6,A2,Warm Up,Base,A,1
7,A2,Wall Drills,Base,A,1
8,A2,Fast Leg,,A,
9,A2,Sprint Reaction,Base,A,1
10,A2,6–10×10–20m Starts,,A,
11,A2,Mobility,Base,A,1
12,A3,Warm Up,Base,A,1
13,A3,Posture,Base,A,1
14,A3,Wall Drills,Base,A,1
15,A3,Sled,Base,A,1
16,A3,6–8×10m Resisted,,A,
17,A3,6–8×10m Free,,A,
18,A3,Core,Base,A,1
19,A4,Warm Up,Base,A,1
20,A4,Wickets 10m,,A,
21,A4,Fast Leg,,A,
22,A4,Wall Drills,Base,A,1
23,A4,8×10–20m Accel,,A,
24,A4,Plyos,Base,A,1
25,B1,Warm Up,Build,B,2
26,B1,Wall Drills,Base,B,1
27,B1,Fast Leg,,B,
28,B1,Posture,Base,B,1
29,B1,Build-Up → Fly 10m,,B,
30,B1,Hips,Base,B,1
31,B2,Warm Up,Build,B,2
32,B2,Posture,Base,B,1
33,B2,Wall Drills,Base,B,1
34,B2,Wickets 10m,,B,
35,B2,Fly 20m,,B,
36,B2,Mobility,Base,B,1
37,B3,Warm Up,Build,B,2
38,B3,Fast Leg,,B,
39,B3,Wall Drills,Base,B,1
40,B3,Sprint Reaction,Base,B,1
41,B3,Sprint → Float → Sprint,,B,
42,B3,Hips,Base,B,1
43,B4,Warm Up,Build,B,2
44,B4,Wall Drills,Base,B,1
45,B4,Posture,Base,B,1
46,B4,Wickets 10m,,B,
47,B4,Wickets → Fly 10m,,B,
48,B4,Mobility,Base,B,1
49,C1,Warm Up,Build,C,2
50,C1,Wall Drills,Build,C,2
51,C1,Posture,Build,C,2
52,C1,Plyos,Build,C,2
53,C1,Float Fly 150m,,C,
54,C1,Hips,Build,C,2
55,C2,Warm Up,Build,C,2
56,C2,Fast Leg,,C,
57,C2,Wall Drills,Base,C,1
58,C2,Fly 2×30m,,C,
59,C2,Sled,Build,C,2
60,C2,Mobility,Build,C,2
61,C3,Warm Up,Build,C,2
62,C3,Posture,Build,C,2
63,C3,Mobility,Build,C,2
64,C3,Bounding 4×20m,,C,
65,C3,2×300m,,C,
66,C3,Hips,Build,C,2
67,C4,Warm Up,Build,C,2
68,C4,Wall Drills,Base,C,1
69,C4,Fast Leg,,C,
70,C4,Sprint Reaction,Build,C,2
71,C4,2×200m Float-Fast,,C,
72,C4,2×100m Fast Finish,,C,
73,D1,Warm Up,Base,D,1
74,D1,Mobility,Base,D,1
75,D1,Posture,Base,D,1
76,D1,Tempo 6×100m,,D,
77,D1,Hips,Base,D,1
78,D1,Cool Down,Base,D,1
79,D2,Warm Up,Base,D,1
80,D2,Mobility,Base,D,1
81,D2,Wall Drills,Base,D,1
82,D2,8–12×100m Grass Strides,,D,
83,D2,Hips,Base,D,1
84,D2,Foam Roll Quick Hit,,D,
85,D3,Warm Up,Base,D,1
86,D3,Mobility,Base,D,1
87,D3,Row steady 12–20 min,,D,
88,D3,Core,Base,D,1
89,D3,Posterior Chain Stretch,,D,
90,D3,Breathing Reset,,D,
91,D4,Warm Up,Base,D,1
92,D4,Wall Drills,Base,D,1
93,D4,Fast Leg,,D,
94,D4,6–8×60–100m Strides,,D,
95,D4,Posture,Base,D,1
96,D4,Hips,Base,D,1
97,E1,Warm Up,Build,E,2
98,E1,Posture,Base,E,1
99,E1,Core,Base,E,1
100,E1,Mobility,Base,E,1
101,E1,Hips,Base,E,1
102,E1,Foam Roll Quick Hit,,E,
103,E2,Warm Up,Build,E,2
104,E2,Wall Drills,Base,E,1
105,E2,Wall Drills,Build,E,2
106,E2,Fast Leg,,E,
107,E2,A-March / A-Skip,,E,
108,E2,Mobility,Base,E,1
109,E3,Warm Up,Base,E,1
110,E3,A/B Skips,,E,
111,E3,Fast Leg,,E,
112,E3,Wickets 10m,,E,
113,E3,Plyos,Base,E,1
114,E3,Posture,Base,E,1
115,E4,Warm Up,Base,E,1
116,E4,Sprint Reaction,Base,E,1
117,E4,Wall Drills,Base,E,1
118,E4,Fast Leg,,E,
119,E4,Core,Base,E,1
120,E4,Hips,Base,E,1
121,F1,Warm Up,Base,F,1
122,F1,Front Squat,,F,
123,F1,RDL / Hinge Pattern,,F,
124,F1,DB Split Squat,,F,
125,F1,Pull-Ups,,F,
126,F1,Core,Base,F,1
127,F2,Warm Up,Base,F,1
128,F2,DB Bench / Push-Up Strength,,F,
129,F2,Row Variation,,F,
130,F2,Pull-Ups,,F,
131,F2,DB Lateral Raise + DB Front Raise,,F,
132,F2,Farmers Carry,,F,
133,F3,Warm Up,Base,F,1
134,F3,DB Snatch,,F,
135,F3,Trap Bar Deadlift,,F,
136,F3,Step-Ups OR DB Split Squat,,F,
137,F3,Pull-Ups,,F,
138,F3,Calf Raises,,F,
139,F3,Core,Base,F,1
140,F4,DB Snatch,,F,
141,F4,Goblet Squat → Tempo Squat,,F,
142,F4,KB Swings / RDL,,F,
143,F4,Push-Up Variation,,F,
144,F4,Row Variation,,F,
145,F4,Farmers Carry / Core Circuit,,F,
146,G1,Warm Up,Base,G,1
147,G1,Posture,Base,G,1
148,G1,Med Ball Throws Series,,G,
149,G1,Plyos,Base,G,1
150,G1,Short Sled,Base,G,1
151,G1,Mobility,Base,G,1
152,G2,Warm Up,Base,G,1
153,G2,Fast Leg,,G,
154,G2,Bounding 4×20m,,G,
155,G2,Broad Jump / Squat Jump Series,,G,
156,G2,Calf Raise,,G,
157,G2,Core,Base,G,1
158,G3,Warm Up,Base,G,1
159,G3,DB Snatch,,G,
160,G3,Clean Complex,,G,
161,G3,Trap Bar Deadlift (speed reps),,G,
162,G3,Jump Series,,G,
163,G3,Posterior Chain Stretch,,G,
164,R1,Serratus Activation @ Wall,,R,
165,R1,Single Arm Serratus Punch (KB or band),,R,
166,R1,Standing ER @ 90° Abd (band),,R,
167,R1,Standing IR @ 90° Abd (band),,R,
168,R1,Side Plank + Clam (band),,R,
169,R1,Posterior Chain Stretch,,R,
170,R2,Warm Up,Build,R,2
171,R2,Mobility,Base,R,1
172,R2,Band Walks(Forwards + Lateral),,R,
173,R2,Glute Bridge,,R,
174,R2,Calf Raise,,R,
175,R2,Foam Roll,,R,
176,R3,20–40 min walk,,R,
177,R3,Mobility,Base,R,1
178,R3,Breathing Reset (5-10 min nasal),,R,
179,R3,Massage Gun,,R,
180,R3,Ice Bath / Contrast Shower,,R,
181,R3,Light Stretch Flow,,R,
182,R4,Serratus Activation @ Wall,,R,
183,R4,Standing ER (band),,R,
184,R4,Standing IR (band),,R,
185,R4,Side Plank + Clam (band),,R,
186,R4,Mobility,Base,R,1
187,R4,Foam Roll / Massage Gun (2-3 min),,R,
