,Phase,Block,Name,Reps,Sets,Duration,Distance,Original Prescription,Review
0,Base,Warm up,Scoops,0,0,0,25,25m,0
1,Base,Warm up,Frankenstiens,0,0,0,25,25m,0
2,Base,Mobility,Front/Side Leg Swings,25,2,0,0,2x25,0
3,Base,Cool Down,Flamingos,0,0,0,25,25yds,0
4,Base,Hips,Fire Hydrants,10,2,0,0,2x10,0
5,Base,Core,Sec Min Running Arms,30,2,0,0,2x30,0
6,Base,Med Ball,Twistt Throws,10,5,0,0,5x10,0
7,Base,Sled (m),ISO Hold Start,0,4,0,20,4x20m,0
8,Base,Plyo,Push-Up Start → 5 Step Sprint,10,0,0,0,10,0
9,Base,Posture,Wall Holds,0,3,30,0,3x30s,0
10,Base,Sprint Reaction,Voice Push Up Start,0,4,0,10,4x10m,0
11,Base,Wall Drills,Lean Hold,0,4,30,0,4x30s,0
12,Base,Warm up,Flamingos,0,0,0,25,25m,0
13,Base,Warm up,Butt Kickers,0,0,0,25,25m,0
14,Base,Mobility,Ankle Alphabet,2,0,0,0,x2,0
15,Base,Cool Down,Swwops,0,0,0,25,25yds,0
16,Base,Hips,Clams,10,2,0,0,2x10,0
17,Base,Core,Oblique Twist,30,2,0,0,2x30,0
18,Base,Med Ball,Med Ball Slams,10,5,0,0,5x10,0
19,Base,Sled (m),Sled Walk Push,0,2,0,100,2x100m,0
20,Base,Plyo,Falling Start,10,0,0,0,10,0
21,Base,Posture,Chin Tuck Hold,10,3,0,0,3x10,0
22,Base,Sprint Reaction,Visual Drop Start,0,4,0,10,4x10m,0
23,Base,Wall Drills,Iso Holds,0,4,10,0,4x10s,0
24,Base,Warm up,Knee hugs,0,0,0,25,25m,0
25,Base,Warm up,Knee Pulls,0,0,0,25,25m,0
26,Base,Mobility,Knee Pushes,2,0,0,0,x2,0
27,Base,Cool Down,Quad Pulls,0,0,0,25,25yds,0
28,Base,Hips,Fire Hydrant Raise,10,2,0,0,2x10,0
29,Base,Core,Windshield Wipers,10,0,0,0,10,0
30,Base,Med Ball,Overhead Toss,10,5,0,0,5x10,0
31,Base,Sled (m),Eccentric Sled Pull B,0,2,0,20,2x20m,0
32,Base,Plyo,Wall March,50,2,0,0,2x50,0
33,Base,Posture,Deadbug + Wall Press,10,3,0,0,3x10,0
34,Base,Sprint Reaction,Mirror Shuffle,0,3,15,0,3x15s,0
35,Base,Wall Drills,March,10,2,0,0,2x10,0
36,Base,Warm up,Mummy Walks,0,0,0,25,25m,0
37,Base,Warm up,Arm Circles,0,0,0,25,25m,0
38,Base,Mobility,Split Squats,0,4,25,0,4x25s,0
39,Base,Cool Down,5-Way Lunge,0,0,25,0,25s,0
40,Base,Hips,R Leg Scissors,10,2,0,0,2x10,0
41,Base,Core,V ups,10,0,0,0,10,0
42,Base,Med Ball,Underhand Throw,10,5,0,0,5x10,0
43,Base,Sled (m),Sled Push,0,4,0,50,4x50m,0
44,Base,Plyo,Wall Swithces,50,2,0,0,2x50,0
45,Base,Posture,Pelvic Thrust Slow,10,3,0,0,3x10,0
46,Base,Sprint Reaction,Head Turn + Sprint,0,3,0,10,3x10m,0
47,Base,Wall Drills,Wall Switch (1-1),10,2,0,0,2x10,0
48,Base,Warm up,F Lunge,0,0,0,25,25m,0
49,Base,Warm up,B Lunge,0,0,0,25,25m,0
50,Base,Mobility,Split Squat step ins F,5,0,0,0,x5,0
51,Base,Cool Down,Laying Pigeon,0,0,25,0,25s,0
52,Base,Hips,L Leg Scissors,10,2,0,0,2x10,0
53,Base,Core,Plank,0,0,60,0,1 min,0
54,Base,Med Ball,Kneeling Overhead Slam,10,5,0,0,5x10,0
55,Base,Sled (m),Sled March,0,3,0,20,3x20m,0
56,Base,Plyo,Wall Runs,0,4,30,0,20s/ 10s. 4,0
57,Base,Posture,Bird Dog Hold,0,2,20,0,2x20s,0
58,Base,Sprint Reaction,Light Tap Reaction,0,3,0,15,3x15m,0
59,Base,Warm up,Fire Hydrants,20,0,0,0,20,0
60,Base,Mobility,Split Squat step ins B,5,0,0,0,x5,0
61,Base,Cool Down,Hamstring Lean Back,0,0,25,0,25s,0
62,Base,Hips,R Leg Circles,10,2,0,0,2x10,0
63,Base,Core,Plank L,0,0,60,0,1 min,0
64,Base,Med Ball,Lunge Twist Throw,10,5,0,0,5x10,0
65,Base,Sled (m),Sled Run,0,4,0,50,4x50m,0
66,Base,Plyo,Claw Technique,100,2,0,0,2x100,0
67,Base,Warm up,Carioca,0,0,0,25,25m,0
68,Base,Warm up,High Knees,0,0,0,25,25m,0
69,Base,Mobility,Ankle Rotations Clockwise,0,2,25,0,2x25s,0
70,Base,Cool Down,Calf Stetch,0,0,25,0,25s,0
71,Base,Hips,L Leg Scissors,10,2,0,0,2x10,0
72,Base,Core,Plank R,0,0,60,0,1 min,0
73,Base,Plyo,Lunge Jump Cycles,10,2,0,0,2x10,0
74,Base,Warm up,A March,0,0,0,25,25m,0
75,Base,Warm up,A Skip,0,0,0,25,25m,0
76,Base,Mobility,Ankle Rotations Counter,0,2,25,0,2x25s,0
77,Base,Cool Down,Side Stretch,0,0,25,0,25s,0
78,Base,Hips,Seated Hurdle Switch,10,2,0,0,2x10,0
79,Base,Core,Superman,20,4,10,0,4x10 sec hold x 20,0
80,Base,Plyo,SL Hops,10,2,0,0,2x10,0
81,Base,Warm up,B March,0,0,0,25,25m,0
82,Base,Warm up,B Skip,0,0,0,0,0,0
83,Base,Mobility,Knee Rotations Clockwise,0,2,25,0,2x25s,0
84,Base,Cool Down,Side Lunge,0,0,25,0,25s,0
85,Base,Hips,Donkey Kicks,10,2,0,0,2x10,0
86,Base,Core,Finger Tip Push Ups,20,0,0,0,20,0
87,Base,Plyo,Ankle Hops,10,2,0,0,2x10,0
88,Base,Warm up,Build up,6,0,0,0,6,0
89,Base,Warm up,Striders,4,0,0,0,4,0
90,Base,Mobility,Knee Rotations Counter,0,2,25,0,2x25s,0
91,Base,Cool Down,It Band Stretch,0,0,25,0,25s,0
92,Base,Warm up,F Leg Swings,25,0,0,0,25,0
93,Base,Warm up,Lat Leg Swing,25,0,0,0,25,0
94,Base,Mobility,Calf Stretch standing,0,2,25,0,2x25s,0
95,Base,Mobility,Calf Stretch Ground,0,2,25,0,2x25s,0
96,Base,Mobility,It Band Stretch,0,2,25,0,2x25s,0
97,Build,Warm up,Scoops,0,0,0,30,30m,0
98,Build,Warm up,Frankenstiens,0,0,0,30,30m,0
99,Build,Mobility,Front/Side Leg Swings,25,3,0,0,3x25,0
100,Build,Cool Down,Flamingos,0,0,0,30,30yds,0
101,Build,Hips,Fire Hydrants,12,3,0,0,3x12,0
102,Build,Core,Sec Min Running Arms,30,3,0,0,3x30,0
103,Build,Med Ball,Twistt Throws,10,7,0,0,7x10,0
104,Build,Sled,ISO Hold Start,0,6,0,20,6x20m,0
105,Build,Plyo,Push-Up Start → 5 Step Sprint,15,2,0,0,2x15,0
106,Build,Posture,Wall Holds,0,3,30,0,3x30s,0
107,Build,Sprint Reaction,Voice Push Up Start,0,6,0,10,6x10m,0
108,Build,Wall Drills,Lean Hold,0,4,45,0,4x45s,0
109,Build,Warm up,Flamingos,0,0,0,30,30m,0
110,Build,Warm up,Butt Kickers,0,0,0,30,30m,0
111,Build,Mobility,Ankle Alphabet,3,0,0,0,x3,0
112,Build,Cool Down,Swwops,0,0,0,30,30yds,0
113,Build,Hips,Clams,12,3,0,0,3x12,0
114,Build,Core,Oblique Twist,30,3,0,0,3x30,0
115,Build,Med Ball,Med Ball Slams,10,7,0,0,7x10,0
116,Build,Sled,Sled Walk Push,0,3,0,100,3x100m,0
117,Build,Plyo,Falling Start,20,0,0,0,20,0
118,Build,Posture,Chin Tuck Hold,10,3,0,0,3x10,0
119,Build,Sprint Reaction,Visual Drop Start,0,6,0,10,6x10m,0
120,Build,Wall Drills,Iso Holds,0,4,145,0,4x145s,0
121,Build,Warm up,Knee hugs,0,0,0,30,30m,0
122,Build,Warm up,Knee Pulls,0,0,0,30,30m,0
123,Build,Mobility,Knee Pushes,3,0,0,0,x3,0
124,Build,Cool Down,Quad Pulls,0,0,0,30,30yds,0
125,Build,Hips,Fire Hydrant Raise,12,3,0,0,3x12,0
126,Build,Core,Windshield Wipers,15,2,0,0,2x15,0
127,Build,Med Ball,Overhead Toss,10,7,0,0,7x10,0
128,Build,Sled,Eccentric Sled Pull B,0,4,0,20,4x20m,0
129,Build,Plyo,Wall March,50,3,0,0,3x50,0
130,Build,Posture,Deadbug + Wall Press,10,3,0,0,3x10,0
131,Build,Sprint Reaction,Mirror Shuffle,0,6,15,0,6x15s,0
132,Build,Wall Drills,March,15,4,0,0,4x15,0
133,Build,Warm up,Mummy Walks,0,0,0,30,30m,0
134,Build,Warm up,Arm Circles,0,0,0,30,30m,0
135,Build,Mobility,Split Squats,0,6,25,0,6x25s,0
136,Build,Cool Down,5-Way Lunge,0,0,30,0,30s,0
137,Build,Hips,R Leg Scissors,12,3,0,0,3x12,0
138,Build,Core,V ups,15,2,0,0,2x15,0
139,Build,Med Ball,Underhand Throw,10,7,0,0,7x10,0
140,Build,Sled,Sled Push,0,6,0,50,6x50m,0
141,Build,Plyo,Wall Swithces,50,3,0,0,3x50,0
142,Build,Posture,Pelvic Thrust Slow,10,3,0,0,3x10,0
143,Build,Sprint Reaction,Head Turn + Sprint,0,6,0,10,6x10m,0
144,Build,Wall Drills,Wall Switch (1-1),10,4,0,0,4x10,0
145,Build,Warm up,F Lunge,0,0,0,30,30m,0
146,Build,Warm up,B Lunge,0,0,0,30,30m,0
147,Build,Mobility,Split Squat step ins F,10,0,0,0,x10,0
148,Build,Cool Down,Laying Pigeon,0,0,30,0,30s,0
149,Build,Hips,L Leg Scissors,12,3,0,0,3x12,0
150,Build,Core,Plank,0,2,60,0,2x1 min,0
151,Build,Med Ball,Kneeling Overhead Slam,10,7,0,0,7x10,0
152,Build,Sled,Sled March,0,6,0,20,6x20m,0
153,Build,Plyo,Wall Runs,0,6,30,0,(6)20s/ 10s,0
154,Build,Posture,Bird Dog Hold,0,2,20,0,2x20s,0
155,Build,Sprint Reaction,Light Tap Reaction,0,6,0,15,6x15m,0
156,Build,Wall Drills,Wall Switch (1-2),10,4,0,0,4x10,0
157,Build,Warm up,Fire Hydrants,25,0,0,0,25,0
158,Build,Warm up,F/B Circls,25,0,0,0,25,0
159,Build,Mobility,Split Squat step ins B,10,0,0,0,x10,0
160,Build,Cool Down,Hamstring Lean Back,0,0,30,0,30s,0
161,Build,Hips,R Leg Circles,12,3,0,0,3x12,0
162,Build,Core,Plank L,0,2,60,0,2x1 min,0
163,Build,Med Ball,Lunge Twist Throw,10,7,0,0,7x10,0
164,Build,Sled,Sled Run,0,6,0,50,6x50m,0
165,Build,Plyo,Claw Technique,100,3,0,0,3x100,0
166,Build,Posture,Fire Hydrant Hold,0,4,10,0,4x10s,0
167,Build,Wall Drills,Wall Switch (1-3),10,4,0,0,4x10,0
168,Build,Warm up,Carioca,0,0,0,30,30m,0
169,Build,Warm up,High Knees,0,0,0,30,30m,0
170,Build,Mobility,Ankle Rotations Clockwise,0,3,25,0,3x25s,0
171,Build,Cool Down,Calf Stetch,0,0,30,0,30s,0
172,Build,Hips,L Leg Scissors,12,3,0,0,3x12,0
173,Build,Core,Plank R,0,2,60,0,2x1 min,0
174,Build,Med Ball,Rotate Chest Pass,10,7,0,0,7x10,0
175,Build,Sled,Sled Sprint Drop-In,0,3,0,20,3x20m,0
176,Build,Plyo,Lunge Jump Cycles,10,3,0,0,3x10,0
177,Build,Posture,Wall Slide w/ PVC,10,2,0,0,2x10,0
178,Build,Wall Drills,SL Leg Snap,10,2,0,0,2x10,0
179,Build,Warm up,A March,0,0,0,30,30m,0
180,Build,Warm up,A Skip,0,0,0,0,Base,Source cell contains a formula; verify prescription.
181,Build,Mobility,Ankle Rotations Counter,0,3,25,0,3x25s,0
182,Build,Cool Down,Side Stretch,0,0,30,0,30s,0
183,Build,Hips,Seated Hurdle Switch,12,3,0,0,3x12,0
184,Build,Core,Superman,20,6,10,0,6x10 sec hold x 20,0
185,Build,Med Ball,Single Leg Slam,10,7,0,0,7x10,0
186,Build,Sled,SL Sled March,15,3,0,0,3x15,0
187,Build,Plyo,SL Hops,10,3,0,0,3x10,0
188,Build,Posture,Splt Squat Chop,10,2,0,0,2x10,0
189,Build,Wall Drills,Wall March W/ Clap,10,4,0,0,4x10,0
190,Build,Warm up,B March,0,0,0,30,30m,0
191,Build,Warm up,B Skip,0,0,0,0,0,0
192,Build,Mobility,Knee Rotations Clockwise,0,3,25,0,3x25s,0
193,Build,Cool Down,Side Lunge,0,0,30,0,30ss,Check source value; duration appears mistyped.
194,Build,Hips,Donkey Kicks,12,3,0,0,3x12,0
195,Build,Core,Finger Tip Push Ups,20,2,0,0,2x20,0
196,Build,Med Ball,Broad Jump To  Pass,10,7,0,0,7x10,0
197,Build,Sled,Bckpedal Sled Pull,0,3,0,20,3x20m,0
198,Build,Plyo,Ankle Hops,10,3,0,0,3x10,0
199,Build,Posture,Glute Bridge,10,2,0,0,2x10,0
200,Build,Warm up,Build up,8,0,0,0,8,0
201,Build,Warm up,Striders,6,0,0,0,6,0
202,Build,Mobility,Knee Rotations Counter,0,3,25,0,3x25s,0
203,Build,Cool Down,It Band Stretch,0,0,30,0,30s,0
204,Build,Core,DeadBugs,10,2,0,0,2x10,0
205,Build,Med Ball,Overhead Rotational Toss,10,7,0,0,7x10,0
206,Build,Sled,Partner Sled Sprint,0,4,0,10,4x10m,0
207,Build,Plyo,Dept Drop to Explode,10,2,0,0,2x10,0
208,Build,Posture,Wall March,25,2,0,0,2x25,0
209,Build,Warm up,F Leg Swings,25,0,0,0,25,0
210,Build,Warm up,Lat Leg Swing,20,0,0,0,20,0
211,Build,Mobility,Calf Stretch standing,0,3,25,0,3x25s,0
212,Build,Core,Bird Dogs,10,2,0,0,2x10,0
213,Build,Plyo,Hurdle Hop Low to High,10,2,0,0,2x10,0
214,Build,Mobility,Calf Stretch Ground,0,3,25,0,3x25s,0
215,Build,Core,Side Plan Reach Through,10,2,0,0,2x10,0
216,Build,Plyo,Bounding,0,2,0,20,2x20m,0
217,Build,Mobility,It Band Stretch,0,3,25,0,3x25s,0
218,Build,Core,Hallow Hold,0,3,20,0,3x20s,0
219,Build,Plyo,Step Up Hops,10,2,0,0,2x10,0
220,Peak,Warm up (Tempo),Scoops,0,0,0,30,30m,0
221,Peak,Warm up (Tempo),Frankenstiens,0,0,0,30,30m,0
222,Peak,Mobility,Front/Side Leg Swings,25,4,0,0,4x25,0
223,Peak,Cool Down (Twice),Flamingos,0,0,0,35,35yds,0
224,Peak,Hips (Hold),Fire Hydrants,12,4,0,0,4x12,0
225,Peak,Core,Sec Min Running Arms,30,4,0,0,4x30,0
226,Peak,Med Ball,Twistt Throws,10,9,0,0,9x10,0
227,Peak,Sled,ISO Hold Start,0,8,0,20,8x20m,0
228,Peak,Plyo,Push-Up Start → 5 Step Sprint,15,3,0,0,3x15,0
229,Peak,Posture,Wall Holds,0,4,30,0,4x30s,0
230,Peak,Sprint Reaction,Voice Push Up Start,0,8,0,10,8x10m,0
231,Peak,Wall Drills,Lean Hold,0,4,60,0,4x1 min,0
232,Peak,Warm up (Tempo),Flamingos,0,0,0,30,30m,0
233,Peak,Warm up (Tempo),Butt Kickers,0,0,0,30,30m,0
234,Peak,Mobility,Ankle Alphabet Blind,4,0,0,0,x4,0
235,Peak,Cool Down (Twice),Swwops,0,0,0,35,35yds,0
236,Peak,Hips (Hold),Clams,12,4,0,0,4x12,0
237,Peak,Core,Oblique Twist,30,4,0,0,4x30,0
238,Peak,Med Ball,Med Ball Slams,10,9,0,0,9x10,0
239,Peak,Sled,Sled Walk Push,0,6,0,100,6x100m,0
240,Peak,Plyo,Falling Start,300,0,0,0,300,0
241,Peak,Posture,Chin Tuck Hold,10,4,0,0,4x10,0
242,Peak,Sprint Reaction,Visual Drop Start,0,8,0,10,8x10m,0
243,Peak,Wall Drills,Iso Holds,0,4,60,0,4x1 min,0
244,Peak,Warm up (Tempo),Knee hugs,0,0,0,30,30m,0
245,Peak,Warm up (Tempo),Knee Pulls,0,0,0,30,30m,0
246,Peak,Mobility,Knee Pushes,4,0,0,0,x4,0
247,Peak,Cool Down (Twice),Quad Pulls,0,0,0,35,35yds,0
248,Peak,Hips (Hold),Fire Hydrant Raise,12,4,0,0,4x12,0
249,Peak,Core,Windshield Wipers,15,4,0,0,4x15,0
250,Peak,Med Ball,Overhead Toss,10,9,0,0,9x10,0
251,Peak,Sled,Eccentric Sled Pull B,0,6,0,20,6x20m,0
252,Peak,Plyo,Wall March,50,4,0,0,4x50,0
253,Peak,Posture,Deadbug + Wall Press,10,4,0,0,4x10,0
254,Peak,Sprint Reaction,Mirror Shuffle,0,8,15,0,8x15s,0
255,Peak,Wall Drills,March,20,4,0,0,4x20,0
256,Peak,Warm up (Tempo),Mummy Walks,0,0,0,30,30m,0
257,Peak,Warm up (Tempo),Arm Circles,0,0,0,30,30m,0
258,Peak,Mobility,Split Squats,0,8,25,0,8x25s,0
259,Peak,Cool Down (Twice),5-Way Lunge,0,0,35,0,35s,0
260,Peak,Hips (Hold),R Leg Scissors,12,4,0,0,4x12,0
261,Peak,Core,V ups,15,4,0,0,4x15,0
262,Peak,Med Ball,Underhand Throw,10,9,0,0,9x10,0
263,Peak,Sled,Sled Push,0,6,0,50,6x50m,0
264,Peak,Plyo,Wall Swithces,50,4,0,0,4x50,0
265,Peak,Posture,Pelvic Thrust Slow,10,4,0,0,4x10,0
266,Peak,Sprint Reaction,Head Turn + Sprint,0,8,0,10,8x10m,0
267,Peak,Wall Drills,Wall Switch (1-1),20,4,0,0,4x20,0
268,Peak,Warm up (Tempo),F Lunge,0,0,0,30,30m,0
269,Peak,Warm up (Tempo),B Lunge,0,0,0,30,30m,0
270,Peak,Mobility,Split Squat step ins F,15,0,0,0,x15,0
271,Peak,Cool Down (Twice),Laying Pigeon,0,0,35,0,35s,0
272,Peak,Hips (Hold),L Leg Scissors,12,4,0,0,4x12,0
273,Peak,Core,Plank,0,3,60,0,3x1 min,0
274,Peak,Med Ball,Kneeling Overhead Slam,10,9,0,0,9x10,0
275,Peak,Sled,Sled March,0,6,0,20,6x20m,0
276,Peak,Plyo,Wall Runs,0,8,30,0,20s/ 10s. 8,0
277,Peak,Posture,Bird Dog Hold,0,4,20,0,4x20s,0
278,Peak,Sprint Reaction,Light Tap Reaction,0,8,0,15,8x15m,0
279,Peak,Wall Drills,Wall Switch (1-2),20,4,0,0,4x20,0
280,Peak,Warm up (Tempo),Fire Hydrants,30,0,0,0,30,0
281,Peak,Warm up (Tempo),F/B Circls,30,0,0,0,30,0
282,Peak,Mobility,Split Squat step ins B,15,0,0,0,x15,0
283,Peak,Cool Down (Twice),Hamstring Lean Back,0,0,35,0,35s,0
284,Peak,Hips (Hold),R Leg Circles,12,4,0,0,4x12,0
285,Peak,Core,Plank L,0,3,60,0,3x1 min,0
286,Peak,Med Ball,Lunge Twist Throw,10,9,0,0,9x10,0
287,Peak,Sled,Sled Run,0,6,0,50,6x50m,0
288,Peak,Plyo,Claw Technique,100,4,0,0,4x100,0
289,Peak,Posture,Fire Hydrant Hold,0,4,10,0,4x10s,0
290,Peak,Wall Drills,Wall Switch (1-3),20,4,0,0,4x20,0
291,Peak,Warm up (Tempo),Donkey Kicks,30,0,0,0,30,0
292,Peak,Warm up (Tempo),Side Raise,30,0,0,0,30,0
293,Peak,Mobility,Ankle Rotations Clockwise,0,4,25,0,4x25s,0
294,Peak,Cool Down (Twice),Calf Stetch,0,0,35,0,35s,0
295,Peak,Hips (Hold),L Leg Scissors,12,4,0,0,4x12,0
296,Peak,Core,Plank R,0,3,60,0,3x1 min,0
297,Peak,Med Ball,Rotate Chest Pass,10,9,0,0,9x10,0
298,Peak,Sled,Sled Sprint Drop-In,0,4,0,20,4x20m,0
299,Peak,Plyo,Lunge Jump Cycles,10,4,0,0,4x10,0
300,Peak,Posture,Wall Slide w/ PVC,10,4,0,0,4x10,0
301,Peak,Wall Drills,SL Leg Snap,15,4,0,0,4x15,0
302,Peak,Warm up (Tempo),Carioca,0,0,0,30,30m,0
303,Peak,Warm up (Tempo),High Knees,0,0,0,30,30m,0
304,Peak,Mobility,Ankle Rotations Counter,0,4,25,0,4x25s,0
305,Peak,Cool Down (Twice),Side Stretch,0,0,35,0,35s,0
306,Peak,Hips (Hold),Seated Hurdle Switch,12,4,0,0,4x12,0
307,Peak,Core,Superman,20,8,10,0,8x10 sec hold x 20,0
308,Peak,Med Ball,Single Leg Slam,10,9,0,0,9x10,0
309,Peak,Sled,SL Sled March,0,4,0,20,4x20m,0
310,Peak,Plyo,SL Hops,10,4,0,0,4x10,0
311,Peak,Posture,Splt Squat Chop,10,4,0,0,4x10,0
312,Peak,Wall Drills,Wall March W/ Clap,15,4,0,0,4x15,0
313,Peak,Warm up (Tempo),A March,0,0,0,30,30m,0
314,Peak,Warm up (Tempo),A Skip,0,0,0,30,30m,0
315,Peak,Mobility,Knee Rotations Clockwise,0,4,25,0,4x25s,0
316,Peak,Cool Down (Twice),Side Lunge,0,0,35,0,35s,0
317,Peak,Hips (Hold),Donkey Kicks,12,4,0,0,4x12,0
318,Peak,Core,Finger Tip Push Ups,20,3,0,0,3x20,0
319,Peak,Med Ball,Broad Jump To  Pass,10,9,0,0,9x10,0
320,Peak,Sled,Bckpedal Sled Pull,0,4,0,20,4x20m,0
321,Peak,Plyo,Ankle Hops,10,4,0,0,4x10,0
322,Peak,Posture,Glute Bridge,10,4,0,0,4x10,0
323,Peak,Wall Drills,Wall Switch To Drive,0,0,0,0,(4)4x20s,Needs manual split.
324,Peak,Warm up (Tempo),B March,0,0,0,30,30m,0
325,Peak,Warm up (Tempo),B Skip,0,0,0,0,0,0
326,Peak,Mobility,Knee Rotations Counter,0,4,25,0,4x25s,0
327,Peak,Cool Down (Twice),It Band Stretch,0,0,35,0,35s,0
328,Peak,Core,DeadBugs,10,3,0,0,3x10,0
329,Peak,Med Ball,Overhead Rotational Toss,10,9,0,0,9x10,0
330,Peak,Sled,Partner Sled Sprint,0,6,0,10,6x10m,0
331,Peak,Plyo,Dept Drop to Explode,10,4,0,0,4x10,0
332,Peak,Posture,Wall March,25,4,0,0,4x25,0
333,Peak,Wall Drills,Drive,0,6,30,0,(6)20s/10s,0
334,Peak,Warm up (Tempo),Build up,8,0,0,0,8,0
335,Peak,Warm up (Tempo),Striders,8,0,0,0,8,0
336,Peak,Mobility,Calf Stretch standing,0,4,25,0,4x25s,0
337,Peak,Core,Bird Dogs,10,3,0,0,3x10,0
338,Peak,Plyo,Hurdle Hop Low to High,10,4,0,0,4x10,0
339,Peak,Warm up (Tempo),F Leg Swings,30,0,0,0,30,0
340,Peak,Warm up (Tempo),Lat Leg Swing,30,0,0,0,30,0
341,Peak,Mobility,Calf Stretch Ground,0,4,25,0,4x25s,0
342,Peak,Core,Side Plan Reach Through,10,3,0,0,3x10,0
343,Peak,Plyo,Bounding,0,4,0,20,4x20m,0
344,Peak,Mobility,It Band Stretch Reach,0,4,25,0,4x25s,0
345,Peak,Core,Hallow Hold,0,4,20,0,4x20s,0
346,Peak,Plyo,Step Up Hops To Hold,10,4,0,0,4x10,0
